chapter	kind	path	ext	basename	prefix	in_payload	cleanup_class
7	scripts	scripts/07_bao_geometry/generate_data_chapter07.py.bak.20251104T204319Z	.20251104T204319Z	generate_data_chapter07.py.bak.20251104T204319Z	scripts	False	BACKUP_OR_RESCUE
7	scripts	scripts/07_bao_geometry/generate_data_chapter07.py.bak_20251031T173340Z	.bak_20251031T173340Z	generate_data_chapter07.py.bak_20251031T173340Z	scripts	False	BACKUP_OR_RESCUE
7	scripts	scripts/07_bao_geometry/generate_data_chapter07.py.bak_20251031T204500Z	.bak_20251031T204500Z	generate_data_chapter07.py.bak_20251031T204500Z	scripts	False	BACKUP_OR_RESCUE
7	scripts	scripts/07_bao_geometry/generate_data_chapter07.py.bak_20251031T204856Z	.bak_20251031T204856Z	generate_data_chapter07.py.bak_20251031T204856Z	scripts	False	BACKUP_OR_RESCUE
7	scripts	scripts/07_bao_geometry/launch_scalar_perturbations_solver.py.bak.20251104T194759Z	.20251104T194759Z	launch_scalar_perturbations_solver.py.bak.20251104T194759Z	scripts	False	BACKUP_OR_RESCUE
7	scripts	scripts/07_bao_geometry/launch_scalar_perturbations_solver.py.bak.20251104T202456Z	.20251104T202456Z	launch_scalar_perturbations_solver.py.bak.20251104T202456Z	scripts	False	BACKUP_OR_RESCUE
7	scripts	scripts/07_bao_geometry/launch_scalar_perturbations_solver.py.bak.20251104T202752Z	.20251104T202752Z	launch_scalar_perturbations_solver.py.bak.20251104T202752Z	scripts	False	BACKUP_OR_RESCUE
7	scripts	scripts/07_bao_geometry/launch_scalar_perturbations_solver.py.bak.20251104T203914Z	.20251104T203914Z	launch_scalar_perturbations_solver.py.bak.20251104T203914Z	scripts	False	BACKUP_OR_RESCUE
7	scripts	scripts/07_bao_geometry/launch_scalar_perturbations_solver.py.bak.20251104T204319Z	.20251104T204319Z	launch_scalar_perturbations_solver.py.bak.20251104T204319Z	scripts	False	BACKUP_OR_RESCUE
7	scripts	scripts/07_bao_geometry/launch_scalar_perturbations_solver.py.bak_20251031T182357Z	.bak_20251031T182357Z	launch_scalar_perturbations_solver.py.bak_20251031T182357Z	scripts	False	BACKUP_OR_RESCUE
7	scripts	scripts/07_bao_geometry/launch_scalar_perturbations_solver.py.bak_20251031T204500Z	.bak_20251031T204500Z	launch_scalar_perturbations_solver.py.bak_20251031T204500Z	scripts	False	BACKUP_OR_RESCUE
7	scripts	scripts/07_bao_geometry/launch_scalar_perturbations_solver.py.bak_20251031T204856Z	.bak_20251031T204856Z	launch_scalar_perturbations_solver.py.bak_20251031T204856Z	scripts	False	BACKUP_OR_RESCUE
7	scripts	scripts/07_bao_geometry/plot_fig01_cs2_heatmap.py.bak.20251104T200532Z	.20251104T200532Z	plot_fig01_cs2_heatmap.py.bak.20251104T200532Z	scripts	False	BACKUP_OR_RESCUE
7	scripts	scripts/07_bao_geometry/plot_fig01_cs2_heatmap.py.bak.20251104T202139Z	.20251104T202139Z	plot_fig01_cs2_heatmap.py.bak.20251104T202139Z	scripts	False	BACKUP_OR_RESCUE
7	scripts	scripts/07_bao_geometry/plot_fig01_cs2_heatmap.py.bak.20251104T202456Z	.20251104T202456Z	plot_fig01_cs2_heatmap.py.bak.20251104T202456Z	scripts	False	BACKUP_OR_RESCUE
7	scripts	scripts/07_bao_geometry/plot_fig01_cs2_heatmap.py.bak.20251104T203914Z	.20251104T203914Z	plot_fig01_cs2_heatmap.py.bak.20251104T203914Z	scripts	False	BACKUP_OR_RESCUE
7	scripts	scripts/07_bao_geometry/plot_fig01_cs2_heatmap.py.bak.20251104T204319Z	.20251104T204319Z	plot_fig01_cs2_heatmap.py.bak.20251104T204319Z	scripts	False	BACKUP_OR_RESCUE
7	scripts	scripts/07_bao_geometry/plot_fig01_cs2_heatmap.py.bak_20251031T173341Z	.bak_20251031T173341Z	plot_fig01_cs2_heatmap.py.bak_20251031T173341Z	scripts	False	BACKUP_OR_RESCUE
7	scripts	scripts/07_bao_geometry/plot_fig01_cs2_heatmap.py.bak_20251031T204500Z	.bak_20251031T204500Z	plot_fig01_cs2_heatmap.py.bak_20251031T204500Z	scripts	False	BACKUP_OR_RESCUE
7	scripts	scripts/07_bao_geometry/plot_fig01_cs2_heatmap.py.bak_20251031T204856Z	.bak_20251031T204856Z	plot_fig01_cs2_heatmap.py.bak_20251031T204856Z	scripts	False	BACKUP_OR_RESCUE
7	scripts	scripts/07_bao_geometry/plot_fig01_cs2_heatmap.py.rescue.20251105T160822Z.bak	.bak	plot_fig01_cs2_heatmap.py.rescue.20251105T160822Z.bak	scripts	False	BACKUP_OR_RESCUE
7	scripts	scripts/07_bao_geometry/plot_fig01_cs2_heatmap.py.rescue2.20251105T161809Z.bak	.bak	plot_fig01_cs2_heatmap.py.rescue2.20251105T161809Z.bak	scripts	False	BACKUP_OR_RESCUE
7	scripts	scripts/07_bao_geometry/plot_fig01_cs2_heatmap.py.rescue3.20251105T162439Z.bak	.bak	plot_fig01_cs2_heatmap.py.rescue3.20251105T162439Z.bak	scripts	False	BACKUP_OR_RESCUE
7	scripts	scripts/07_bao_geometry/plot_fig01_cs2_heatmap.py.rescue3b.20251105T162818Z.bak	.bak	plot_fig01_cs2_heatmap.py.rescue3b.20251105T162818Z.bak	scripts	False	BACKUP_OR_RESCUE
7	scripts	scripts/07_bao_geometry/plot_fig02_delta_phi_heatmap.py.bak.20251104T200532Z	.20251104T200532Z	plot_fig02_delta_phi_heatmap.py.bak.20251104T200532Z	scripts	False	BACKUP_OR_RESCUE
7	scripts	scripts/07_bao_geometry/plot_fig02_delta_phi_heatmap.py.bak.20251104T202139Z	.20251104T202139Z	plot_fig02_delta_phi_heatmap.py.bak.20251104T202139Z	scripts	False	BACKUP_OR_RESCUE
7	scripts	scripts/07_bao_geometry/plot_fig02_delta_phi_heatmap.py.bak.20251104T202456Z	.20251104T202456Z	plot_fig02_delta_phi_heatmap.py.bak.20251104T202456Z	scripts	False	BACKUP_OR_RESCUE
7	scripts	scripts/07_bao_geometry/plot_fig02_delta_phi_heatmap.py.bak.20251104T203914Z	.20251104T203914Z	plot_fig02_delta_phi_heatmap.py.bak.20251104T203914Z	scripts	False	BACKUP_OR_RESCUE
7	scripts	scripts/07_bao_geometry/plot_fig02_delta_phi_heatmap.py.bak.20251104T204319Z	.20251104T204319Z	plot_fig02_delta_phi_heatmap.py.bak.20251104T204319Z	scripts	False	BACKUP_OR_RESCUE
7	scripts	scripts/07_bao_geometry/plot_fig02_delta_phi_heatmap.py.bak_20251031T173341Z	.bak_20251031T173341Z	plot_fig02_delta_phi_heatmap.py.bak_20251031T173341Z	scripts	False	BACKUP_OR_RESCUE
7	scripts	scripts/07_bao_geometry/plot_fig02_delta_phi_heatmap.py.bak_20251031T204500Z	.bak_20251031T204500Z	plot_fig02_delta_phi_heatmap.py.bak_20251031T204500Z	scripts	False	BACKUP_OR_RESCUE
7	scripts	scripts/07_bao_geometry/plot_fig02_delta_phi_heatmap.py.bak_20251031T204856Z	.bak_20251031T204856Z	plot_fig02_delta_phi_heatmap.py.bak_20251031T204856Z	scripts	False	BACKUP_OR_RESCUE
7	scripts	scripts/07_bao_geometry/plot_fig02_delta_phi_heatmap.py.rescue.20251105T160822Z.bak	.bak	plot_fig02_delta_phi_heatmap.py.rescue.20251105T160822Z.bak	scripts	False	BACKUP_OR_RESCUE
7	scripts	scripts/07_bao_geometry/plot_fig02_delta_phi_heatmap.py.rescue2.20251105T161809Z.bak	.bak	plot_fig02_delta_phi_heatmap.py.rescue2.20251105T161809Z.bak	scripts	False	BACKUP_OR_RESCUE
7	scripts	scripts/07_bao_geometry/plot_fig02_delta_phi_heatmap.py.rescue3.20251105T162439Z.bak	.bak	plot_fig02_delta_phi_heatmap.py.rescue3.20251105T162439Z.bak	scripts	False	BACKUP_OR_RESCUE
7	scripts	scripts/07_bao_geometry/plot_fig02_delta_phi_heatmap.py.rescue3b.20251105T162818Z.bak	.bak	plot_fig02_delta_phi_heatmap.py.rescue3b.20251105T162818Z.bak	scripts	False	BACKUP_OR_RESCUE
7	scripts	scripts/07_bao_geometry/plot_fig03_invariant_I1.py.bak.20251104T200532Z	.20251104T200532Z	plot_fig03_invariant_I1.py.bak.20251104T200532Z	scripts	False	BACKUP_OR_RESCUE
7	scripts	scripts/07_bao_geometry/plot_fig03_invariant_I1.py.bak.20251104T202139Z	.20251104T202139Z	plot_fig03_invariant_I1.py.bak.20251104T202139Z	scripts	False	BACKUP_OR_RESCUE
7	scripts	scripts/07_bao_geometry/plot_fig03_invariant_I1.py.bak.20251104T202456Z	.20251104T202456Z	plot_fig03_invariant_I1.py.bak.20251104T202456Z	scripts	False	BACKUP_OR_RESCUE
7	scripts	scripts/07_bao_geometry/plot_fig03_invariant_I1.py.bak.20251104T203914Z	.20251104T203914Z	plot_fig03_invariant_I1.py.bak.20251104T203914Z	scripts	False	BACKUP_OR_RESCUE
7	scripts	scripts/07_bao_geometry/plot_fig03_invariant_I1.py.bak_20251031T173341Z	.bak_20251031T173341Z	plot_fig03_invariant_I1.py.bak_20251031T173341Z	scripts	False	BACKUP_OR_RESCUE
7	scripts	scripts/07_bao_geometry/plot_fig03_invariant_I1.py.bak_20251031T204500Z	.bak_20251031T204500Z	plot_fig03_invariant_I1.py.bak_20251031T204500Z	scripts	False	BACKUP_OR_RESCUE
7	scripts	scripts/07_bao_geometry/plot_fig03_invariant_I1.py.bak_20251031T204856Z	.bak_20251031T204856Z	plot_fig03_invariant_I1.py.bak_20251031T204856Z	scripts	False	BACKUP_OR_RESCUE
7	scripts	scripts/07_bao_geometry/plot_fig03_invariant_I1.py.bak_20251031T224414Z	.bak_20251031T224414Z	plot_fig03_invariant_I1.py.bak_20251031T224414Z	scripts	False	BACKUP_OR_RESCUE
7	scripts	scripts/07_bao_geometry/plot_fig03_invariant_I1.py.bak_20251031T224607Z	.bak_20251031T224607Z	plot_fig03_invariant_I1.py.bak_20251031T224607Z	scripts	False	BACKUP_OR_RESCUE
7	scripts	scripts/07_bao_geometry/plot_fig03_invariant_I1.py.bak_20251031T224902Z	.bak_20251031T224902Z	plot_fig03_invariant_I1.py.bak_20251031T224902Z	scripts	False	BACKUP_OR_RESCUE
7	scripts	scripts/07_bao_geometry/plot_fig03_invariant_I1.py.bak_20251101T000932Z	.bak_20251101T000932Z	plot_fig03_invariant_I1.py.bak_20251101T000932Z	scripts	False	BACKUP_OR_RESCUE
7	scripts	scripts/07_bao_geometry/plot_fig03_invariant_I1.py.bak_20251101T001424Z	.bak_20251101T001424Z	plot_fig03_invariant_I1.py.bak_20251101T001424Z	scripts	False	BACKUP_OR_RESCUE
7	scripts	scripts/07_bao_geometry/plot_fig03_invariant_I1.py.bak_20251101T001910Z	.bak_20251101T001910Z	plot_fig03_invariant_I1.py.bak_20251101T001910Z	scripts	False	BACKUP_OR_RESCUE
7	scripts	scripts/07_bao_geometry/plot_fig03_invariant_I1.py.bak_20251101T002144Z	.bak_20251101T002144Z	plot_fig03_invariant_I1.py.bak_20251101T002144Z	scripts	False	BACKUP_OR_RESCUE
7	scripts	scripts/07_bao_geometry/plot_fig03_invariant_I1.py.rescue.20251105T160822Z.bak	.bak	plot_fig03_invariant_I1.py.rescue.20251105T160822Z.bak	scripts	False	BACKUP_OR_RESCUE
7	scripts	scripts/07_bao_geometry/plot_fig03_invariant_I1.py.rescue2.20251105T161809Z.bak	.bak	plot_fig03_invariant_I1.py.rescue2.20251105T161809Z.bak	scripts	False	BACKUP_OR_RESCUE
7	scripts	scripts/07_bao_geometry/plot_fig03_invariant_I1.py.rescue3.20251105T162439Z.bak	.bak	plot_fig03_invariant_I1.py.rescue3.20251105T162439Z.bak	scripts	False	BACKUP_OR_RESCUE
7	scripts	scripts/07_bao_geometry/plot_fig03_invariant_I1.py.rescue3b.20251105T162818Z.bak	.bak	plot_fig03_invariant_I1.py.rescue3b.20251105T162818Z.bak	scripts	False	BACKUP_OR_RESCUE
7	scripts	scripts/07_bao_geometry/plot_fig04_dcs2_vs_k.py.bak	.bak	plot_fig04_dcs2_vs_k.py.bak	scripts	False	BACKUP_OR_RESCUE
7	scripts	scripts/07_bao_geometry/plot_fig04_dcs2_vs_k.py.bak.20251104T191835Z	.20251104T191835Z	plot_fig04_dcs2_vs_k.py.bak.20251104T191835Z	scripts	False	BACKUP_OR_RESCUE
7	scripts	scripts/07_bao_geometry/plot_fig04_dcs2_vs_k.py.bak.20251104T202139Z	.20251104T202139Z	plot_fig04_dcs2_vs_k.py.bak.20251104T202139Z	scripts	False	BACKUP_OR_RESCUE
7	scripts	scripts/07_bao_geometry/plot_fig04_dcs2_vs_k.py.bak.20251104T202456Z	.20251104T202456Z	plot_fig04_dcs2_vs_k.py.bak.20251104T202456Z	scripts	False	BACKUP_OR_RESCUE
7	scripts	scripts/07_bao_geometry/plot_fig04_dcs2_vs_k.py.bak.20251104T202752Z	.20251104T202752Z	plot_fig04_dcs2_vs_k.py.bak.20251104T202752Z	scripts	False	BACKUP_OR_RESCUE
7	scripts	scripts/07_bao_geometry/plot_fig04_dcs2_vs_k.py.bak.20251104T203914Z	.20251104T203914Z	plot_fig04_dcs2_vs_k.py.bak.20251104T203914Z	scripts	False	BACKUP_OR_RESCUE
7	scripts	scripts/07_bao_geometry/plot_fig04_dcs2_vs_k.py.bak.20251104T204319Z	.20251104T204319Z	plot_fig04_dcs2_vs_k.py.bak.20251104T204319Z	scripts	False	BACKUP_OR_RESCUE
7	scripts	scripts/07_bao_geometry/plot_fig04_dcs2_vs_k.py.bak_20251031T173341Z	.bak_20251031T173341Z	plot_fig04_dcs2_vs_k.py.bak_20251031T173341Z	scripts	False	BACKUP_OR_RESCUE
7	scripts	scripts/07_bao_geometry/plot_fig04_dcs2_vs_k.py.bak_20251031T204500Z	.bak_20251031T204500Z	plot_fig04_dcs2_vs_k.py.bak_20251031T204500Z	scripts	False	BACKUP_OR_RESCUE
7	scripts	scripts/07_bao_geometry/plot_fig04_dcs2_vs_k.py.bak_20251031T204856Z	.bak_20251031T204856Z	plot_fig04_dcs2_vs_k.py.bak_20251031T204856Z	scripts	False	BACKUP_OR_RESCUE
7	scripts	scripts/07_bao_geometry/plot_fig04_dcs2_vs_k.py.bak_20251031T224414Z	.bak_20251031T224414Z	plot_fig04_dcs2_vs_k.py.bak_20251031T224414Z	scripts	False	BACKUP_OR_RESCUE
7	scripts	scripts/07_bao_geometry/plot_fig04_dcs2_vs_k.py.bak_20251031T224607Z	.bak_20251031T224607Z	plot_fig04_dcs2_vs_k.py.bak_20251031T224607Z	scripts	False	BACKUP_OR_RESCUE
7	scripts	scripts/07_bao_geometry/plot_fig04_dcs2_vs_k.py.bak_20251031T224902Z	.bak_20251031T224902Z	plot_fig04_dcs2_vs_k.py.bak_20251031T224902Z	scripts	False	BACKUP_OR_RESCUE
7	scripts	scripts/07_bao_geometry/plot_fig05_ddelta_phi_vs_k.py.bak.20251104T194759Z	.20251104T194759Z	plot_fig05_ddelta_phi_vs_k.py.bak.20251104T194759Z	scripts	False	BACKUP_OR_RESCUE
7	scripts	scripts/07_bao_geometry/plot_fig05_ddelta_phi_vs_k.py.bak.20251104T200532Z	.20251104T200532Z	plot_fig05_ddelta_phi_vs_k.py.bak.20251104T200532Z	scripts	False	BACKUP_OR_RESCUE
7	scripts	scripts/07_bao_geometry/plot_fig05_ddelta_phi_vs_k.py.bak.20251104T202139Z	.20251104T202139Z	plot_fig05_ddelta_phi_vs_k.py.bak.20251104T202139Z	scripts	False	BACKUP_OR_RESCUE
7	scripts	scripts/07_bao_geometry/plot_fig05_ddelta_phi_vs_k.py.bak.20251104T202456Z	.20251104T202456Z	plot_fig05_ddelta_phi_vs_k.py.bak.20251104T202456Z	scripts	False	BACKUP_OR_RESCUE
7	scripts	scripts/07_bao_geometry/plot_fig05_ddelta_phi_vs_k.py.bak.20251104T202752Z	.20251104T202752Z	plot_fig05_ddelta_phi_vs_k.py.bak.20251104T202752Z	scripts	False	BACKUP_OR_RESCUE
7	scripts	scripts/07_bao_geometry/plot_fig05_ddelta_phi_vs_k.py.bak.20251104T203914Z	.20251104T203914Z	plot_fig05_ddelta_phi_vs_k.py.bak.20251104T203914Z	scripts	False	BACKUP_OR_RESCUE
7	scripts	scripts/07_bao_geometry/plot_fig05_ddelta_phi_vs_k.py.bak.20251104T204319Z	.20251104T204319Z	plot_fig05_ddelta_phi_vs_k.py.bak.20251104T204319Z	scripts	False	BACKUP_OR_RESCUE
7	scripts	scripts/07_bao_geometry/plot_fig05_ddelta_phi_vs_k.py.bak_20251031T173342Z	.bak_20251031T173342Z	plot_fig05_ddelta_phi_vs_k.py.bak_20251031T173342Z	scripts	False	BACKUP_OR_RESCUE
7	scripts	scripts/07_bao_geometry/plot_fig05_ddelta_phi_vs_k.py.bak_20251031T204500Z	.bak_20251031T204500Z	plot_fig05_ddelta_phi_vs_k.py.bak_20251031T204500Z	scripts	False	BACKUP_OR_RESCUE
7	scripts	scripts/07_bao_geometry/plot_fig05_ddelta_phi_vs_k.py.bak_20251031T204856Z	.bak_20251031T204856Z	plot_fig05_ddelta_phi_vs_k.py.bak_20251031T204856Z	scripts	False	BACKUP_OR_RESCUE
7	scripts	scripts/07_bao_geometry/plot_fig05_ddelta_phi_vs_k.py.bak_20251031T224414Z	.bak_20251031T224414Z	plot_fig05_ddelta_phi_vs_k.py.bak_20251031T224414Z	scripts	False	BACKUP_OR_RESCUE
7	scripts	scripts/07_bao_geometry/plot_fig05_ddelta_phi_vs_k.py.bak_20251031T224607Z	.bak_20251031T224607Z	plot_fig05_ddelta_phi_vs_k.py.bak_20251031T224607Z	scripts	False	BACKUP_OR_RESCUE
7	scripts	scripts/07_bao_geometry/plot_fig05_ddelta_phi_vs_k.py.bak_20251031T224902Z	.bak_20251031T224902Z	plot_fig05_ddelta_phi_vs_k.py.bak_20251031T224902Z	scripts	False	BACKUP_OR_RESCUE
7	scripts	scripts/07_bao_geometry/plot_fig05_ddelta_phi_vs_k.py.bak_20251101T000932Z	.bak_20251101T000932Z	plot_fig05_ddelta_phi_vs_k.py.bak_20251101T000932Z	scripts	False	BACKUP_OR_RESCUE
7	scripts	scripts/07_bao_geometry/plot_fig05_ddelta_phi_vs_k.py.bak_20251101T001424Z	.bak_20251101T001424Z	plot_fig05_ddelta_phi_vs_k.py.bak_20251101T001424Z	scripts	False	BACKUP_OR_RESCUE
7	scripts	scripts/07_bao_geometry/plot_fig05_ddelta_phi_vs_k.py.bak_20251101T001910Z	.bak_20251101T001910Z	plot_fig05_ddelta_phi_vs_k.py.bak_20251101T001910Z	scripts	False	BACKUP_OR_RESCUE
7	scripts	scripts/07_bao_geometry/plot_fig05_ddelta_phi_vs_k.py.bak_20251101T002144Z	.bak_20251101T002144Z	plot_fig05_ddelta_phi_vs_k.py.bak_20251101T002144Z	scripts	False	BACKUP_OR_RESCUE
7	scripts	scripts/07_bao_geometry/plot_fig05_ddelta_phi_vs_k.py.rescue.20251105T160822Z.bak	.bak	plot_fig05_ddelta_phi_vs_k.py.rescue.20251105T160822Z.bak	scripts	False	BACKUP_OR_RESCUE
7	scripts	scripts/07_bao_geometry/plot_fig05_ddelta_phi_vs_k.py.rescue2.20251105T161809Z.bak	.bak	plot_fig05_ddelta_phi_vs_k.py.rescue2.20251105T161809Z.bak	scripts	False	BACKUP_OR_RESCUE
7	scripts	scripts/07_bao_geometry/plot_fig05_ddelta_phi_vs_k.py.rescue3.20251105T162439Z.bak	.bak	plot_fig05_ddelta_phi_vs_k.py.rescue3.20251105T162439Z.bak	scripts	False	BACKUP_OR_RESCUE
7	scripts	scripts/07_bao_geometry/plot_fig05_ddelta_phi_vs_k.py.rescue3b.20251105T162818Z.bak	.bak	plot_fig05_ddelta_phi_vs_k.py.rescue3b.20251105T162818Z.bak	scripts	False	BACKUP_OR_RESCUE
7	scripts	scripts/07_bao_geometry/plot_fig05_ddelta_phi_vs_k.py.rescue3c.20251105T163042Z.bak	.bak	plot_fig05_ddelta_phi_vs_k.py.rescue3c.20251105T163042Z.bak	scripts	False	BACKUP_OR_RESCUE
7	scripts	scripts/07_bao_geometry/plot_fig06_comparison.py.bak.20251104T194759Z	.20251104T194759Z	plot_fig06_comparison.py.bak.20251104T194759Z	scripts	False	BACKUP_OR_RESCUE
7	scripts	scripts/07_bao_geometry/plot_fig06_comparison.py.bak.20251104T200532Z	.20251104T200532Z	plot_fig06_comparison.py.bak.20251104T200532Z	scripts	False	BACKUP_OR_RESCUE
7	scripts	scripts/07_bao_geometry/plot_fig06_comparison.py.bak.20251104T202139Z	.20251104T202139Z	plot_fig06_comparison.py.bak.20251104T202139Z	scripts	False	BACKUP_OR_RESCUE
7	scripts	scripts/07_bao_geometry/plot_fig06_comparison.py.bak.20251104T202456Z	.20251104T202456Z	plot_fig06_comparison.py.bak.20251104T202456Z	scripts	False	BACKUP_OR_RESCUE
7	scripts	scripts/07_bao_geometry/plot_fig06_comparison.py.bak.20251104T202752Z	.20251104T202752Z	plot_fig06_comparison.py.bak.20251104T202752Z	scripts	False	BACKUP_OR_RESCUE
7	scripts	scripts/07_bao_geometry/plot_fig06_comparison.py.bak.20251104T203914Z	.20251104T203914Z	plot_fig06_comparison.py.bak.20251104T203914Z	scripts	False	BACKUP_OR_RESCUE
7	scripts	scripts/07_bao_geometry/plot_fig06_comparison.py.bak.20251104T204319Z	.20251104T204319Z	plot_fig06_comparison.py.bak.20251104T204319Z	scripts	False	BACKUP_OR_RESCUE
7	scripts	scripts/07_bao_geometry/plot_fig06_comparison.py.bak.20251104T205140Z	.20251104T205140Z	plot_fig06_comparison.py.bak.20251104T205140Z	scripts	False	BACKUP_OR_RESCUE
7	scripts	scripts/07_bao_geometry/plot_fig06_comparison.py.bak.20251104T205352Z	.20251104T205352Z	plot_fig06_comparison.py.bak.20251104T205352Z	scripts	False	BACKUP_OR_RESCUE
7	scripts	scripts/07_bao_geometry/plot_fig06_comparison.py.bak.20251104T205837Z	.20251104T205837Z	plot_fig06_comparison.py.bak.20251104T205837Z	scripts	False	BACKUP_OR_RESCUE
7	scripts	scripts/07_bao_geometry/plot_fig06_comparison.py.bak.20251104T210206Z	.20251104T210206Z	plot_fig06_comparison.py.bak.20251104T210206Z	scripts	False	BACKUP_OR_RESCUE
7	scripts	scripts/07_bao_geometry/plot_fig06_comparison.py.bak_20251031T173342Z	.bak_20251031T173342Z	plot_fig06_comparison.py.bak_20251031T173342Z	scripts	False	BACKUP_OR_RESCUE
7	scripts	scripts/07_bao_geometry/plot_fig06_comparison.py.bak_20251031T204500Z	.bak_20251031T204500Z	plot_fig06_comparison.py.bak_20251031T204500Z	scripts	False	BACKUP_OR_RESCUE
7	scripts	scripts/07_bao_geometry/plot_fig06_comparison.py.bak_20251031T204856Z	.bak_20251031T204856Z	plot_fig06_comparison.py.bak_20251031T204856Z	scripts	False	BACKUP_OR_RESCUE
7	scripts	scripts/07_bao_geometry/plot_fig06_comparison.py.r10.20251104T210441Z.bak	.bak	plot_fig06_comparison.py.r10.20251104T210441Z.bak	scripts	False	BACKUP_OR_RESCUE
7	scripts	scripts/07_bao_geometry/plot_fig06_comparison.py.r11.20251104T211127Z.bak	.bak	plot_fig06_comparison.py.r11.20251104T211127Z.bak	scripts	False	BACKUP_OR_RESCUE
7	scripts	scripts/07_bao_geometry/plot_fig06_comparison.py.r12.20251104T211548Z.bak	.bak	plot_fig06_comparison.py.r12.20251104T211548Z.bak	scripts	False	BACKUP_OR_RESCUE
7	scripts	scripts/07_bao_geometry/plot_fig06_comparison.py.r12b.20251104T211740Z.bak	.bak	plot_fig06_comparison.py.r12b.20251104T211740Z.bak	scripts	False	BACKUP_OR_RESCUE
7	scripts	scripts/07_bao_geometry/plot_fig06_comparison.py.rescue.20251105T160822Z.bak	.bak	plot_fig06_comparison.py.rescue.20251105T160822Z.bak	scripts	False	BACKUP_OR_RESCUE
7	scripts	scripts/07_bao_geometry/plot_fig06_comparison.py.rescue2.20251105T161809Z.bak	.bak	plot_fig06_comparison.py.rescue2.20251105T161809Z.bak	scripts	False	BACKUP_OR_RESCUE
7	scripts	scripts/07_bao_geometry/plot_fig06_comparison.py.rescue3.20251105T162439Z.bak	.bak	plot_fig06_comparison.py.rescue3.20251105T162439Z.bak	scripts	False	BACKUP_OR_RESCUE
7	scripts	scripts/07_bao_geometry/plot_fig06_comparison.py.rescue3b.20251105T162818Z.bak	.bak	plot_fig06_comparison.py.rescue3b.20251105T162818Z.bak	scripts	False	BACKUP_OR_RESCUE
7	scripts	scripts/07_bao_geometry/plot_fig06_comparison.py.rescue3c.20251105T163042Z.bak	.bak	plot_fig06_comparison.py.rescue3c.20251105T163042Z.bak	scripts	False	BACKUP_OR_RESCUE
7	scripts	scripts/07_bao_geometry/plot_fig06_comparison.py.rescue3d.20251105T163331Z.bak	.bak	plot_fig06_comparison.py.rescue3d.20251105T163331Z.bak	scripts	False	BACKUP_OR_RESCUE
7	scripts	scripts/07_bao_geometry/plot_fig07_invariant_I2.py.bak.20251104T202139Z	.20251104T202139Z	plot_fig07_invariant_I2.py.bak.20251104T202139Z	scripts	False	BACKUP_OR_RESCUE
7	scripts	scripts/07_bao_geometry/plot_fig07_invariant_I2.py.bak.20251104T202456Z	.20251104T202456Z	plot_fig07_invariant_I2.py.bak.20251104T202456Z	scripts	False	BACKUP_OR_RESCUE
7	scripts	scripts/07_bao_geometry/plot_fig07_invariant_I2.py.bak.20251104T203914Z	.20251104T203914Z	plot_fig07_invariant_I2.py.bak.20251104T203914Z	scripts	False	BACKUP_OR_RESCUE
7	scripts	scripts/07_bao_geometry/plot_fig07_invariant_I2.py.bak.20251104T204319Z	.20251104T204319Z	plot_fig07_invariant_I2.py.bak.20251104T204319Z	scripts	False	BACKUP_OR_RESCUE
7	scripts	scripts/07_bao_geometry/plot_fig07_invariant_I2.py.bak_20251031T173342Z	.bak_20251031T173342Z	plot_fig07_invariant_I2.py.bak_20251031T173342Z	scripts	False	BACKUP_OR_RESCUE
7	scripts	scripts/07_bao_geometry/plot_fig07_invariant_I2.py.bak_20251031T204500Z	.bak_20251031T204500Z	plot_fig07_invariant_I2.py.bak_20251031T204500Z	scripts	False	BACKUP_OR_RESCUE
7	scripts	scripts/07_bao_geometry/plot_fig07_invariant_I2.py.bak_20251031T204856Z	.bak_20251031T204856Z	plot_fig07_invariant_I2.py.bak_20251031T204856Z	scripts	False	BACKUP_OR_RESCUE
7	scripts	scripts/07_bao_geometry/tests/test_chapter07.py.bak.20251104T202139Z	.20251104T202139Z	test_chapter07.py.bak.20251104T202139Z	scripts	False	BACKUP_OR_RESCUE
7	scripts	scripts/07_bao_geometry/tests/test_chapter07.py.bak.20251104T202456Z	.20251104T202456Z	test_chapter07.py.bak.20251104T202456Z	scripts	False	BACKUP_OR_RESCUE
7	scripts	scripts/07_bao_geometry/tests/test_chapter07.py.bak.20251104T203914Z	.20251104T203914Z	test_chapter07.py.bak.20251104T203914Z	scripts	False	BACKUP_OR_RESCUE
7	scripts	scripts/07_bao_geometry/tests/test_chapter07.py.bak_20251031T204500Z	.bak_20251031T204500Z	test_chapter07.py.bak_20251031T204500Z	scripts	False	BACKUP_OR_RESCUE
7	scripts	scripts/07_bao_geometry/tests/test_chapter07.py.bak_20251031T204856Z	.bak_20251031T204856Z	test_chapter07.py.bak_20251031T204856Z	scripts	False	BACKUP_OR_RESCUE
7	scripts	scripts/07_bao_geometry/utils/test_kgrid.py.bak.20251104T202139Z	.20251104T202139Z	test_kgrid.py.bak.20251104T202139Z	scripts	False	BACKUP_OR_RESCUE
7	scripts	scripts/07_bao_geometry/utils/test_kgrid.py.bak.20251104T202456Z	.20251104T202456Z	test_kgrid.py.bak.20251104T202456Z	scripts	False	BACKUP_OR_RESCUE
7	scripts	scripts/07_bao_geometry/utils/test_kgrid.py.bak.20251104T203914Z	.20251104T203914Z	test_kgrid.py.bak.20251104T203914Z	scripts	False	BACKUP_OR_RESCUE
7	scripts	scripts/07_bao_geometry/utils/test_kgrid.py.bak_20251031T204500Z	.bak_20251031T204500Z	test_kgrid.py.bak_20251031T204500Z	scripts	False	BACKUP_OR_RESCUE
7	scripts	scripts/07_bao_geometry/utils/test_kgrid.py.bak_20251031T204856Z	.bak_20251031T204856Z	test_kgrid.py.bak_20251031T204856Z	scripts	False	BACKUP_OR_RESCUE
7	scripts	scripts/07_bao_geometry/utils/toy_model.py.bak.20251104T202139Z	.20251104T202139Z	toy_model.py.bak.20251104T202139Z	scripts	False	BACKUP_OR_RESCUE
7	scripts	scripts/07_bao_geometry/utils/toy_model.py.bak.20251104T202456Z	.20251104T202456Z	toy_model.py.bak.20251104T202456Z	scripts	False	BACKUP_OR_RESCUE
7	scripts	scripts/07_bao_geometry/utils/toy_model.py.bak.20251104T203914Z	.20251104T203914Z	toy_model.py.bak.20251104T203914Z	scripts	False	BACKUP_OR_RESCUE
7	scripts	scripts/07_bao_geometry/utils/toy_model.py.bak.20251104T204319Z	.20251104T204319Z	toy_model.py.bak.20251104T204319Z	scripts	False	BACKUP_OR_RESCUE
7	scripts	scripts/07_bao_geometry/utils/toy_model.py.bak_20251031T204500Z	.bak_20251031T204500Z	toy_model.py.bak_20251031T204500Z	scripts	False	BACKUP_OR_RESCUE
7	scripts	scripts/07_bao_geometry/utils/toy_model.py.bak_20251031T204856Z	.bak_20251031T204856Z	toy_model.py.bak_20251031T204856Z	scripts	False	BACKUP_OR_RESCUE
7	scripts	scripts/07_bao_geometry/__pycache__/generate_data_chapter07.cpython-312.pyc	.pyc	generate_data_chapter07.cpython-312.pyc	scripts	False	BYTECODE
7	scripts	scripts/07_bao_geometry/__pycache__/launch_scalar_perturbations_solver.cpython-312.pyc	.pyc	launch_scalar_perturbations_solver.cpython-312.pyc	scripts	False	BYTECODE
7	scripts	scripts/07_bao_geometry/__pycache__/plot_fig01_cs2_heatmap.cpython-312.pyc	.pyc	plot_fig01_cs2_heatmap.cpython-312.pyc	scripts	False	BYTECODE
7	scripts	scripts/07_bao_geometry/__pycache__/plot_fig02_delta_phi_heatmap.cpython-312.pyc	.pyc	plot_fig02_delta_phi_heatmap.cpython-312.pyc	scripts	False	BYTECODE
7	scripts	scripts/07_bao_geometry/__pycache__/plot_fig03_invariant_I1.cpython-312.pyc	.pyc	plot_fig03_invariant_I1.cpython-312.pyc	scripts	False	BYTECODE
7	scripts	scripts/07_bao_geometry/__pycache__/plot_fig04_dcs2_vs_k.cpython-312.pyc	.pyc	plot_fig04_dcs2_vs_k.cpython-312.pyc	scripts	False	BYTECODE
7	scripts	scripts/07_bao_geometry/__pycache__/plot_fig05_ddelta_phi_vs_k.cpython-312.pyc	.pyc	plot_fig05_ddelta_phi_vs_k.cpython-312.pyc	scripts	False	BYTECODE
7	scripts	scripts/07_bao_geometry/__pycache__/plot_fig06_comparison.cpython-312.pyc	.pyc	plot_fig06_comparison.cpython-312.pyc	scripts	False	BYTECODE
7	scripts	scripts/07_bao_geometry/__pycache__/plot_fig07_invariant_I2.cpython-312.pyc	.pyc	plot_fig07_invariant_I2.cpython-312.pyc	scripts	False	BYTECODE
7	scripts	scripts/07_bao_geometry/tests/__pycache__/test_chapter07.cpython-312-pytest-8.4.2.pyc	.pyc	test_chapter07.cpython-312-pytest-8.4.2.pyc	scripts	False	BYTECODE
7	scripts	scripts/07_bao_geometry/tests/__pycache__/test_chapter07.cpython-312.pyc	.pyc	test_chapter07.cpython-312.pyc	scripts	False	BYTECODE
7	scripts	scripts/07_bao_geometry/utils/__pycache__/test_kgrid.cpython-312-pytest-8.4.2.pyc	.pyc	test_kgrid.cpython-312-pytest-8.4.2.pyc	scripts	False	BYTECODE
7	scripts	scripts/07_bao_geometry/utils/__pycache__/test_kgrid.cpython-312.pyc	.pyc	test_kgrid.cpython-312.pyc	scripts	False	BYTECODE
7	scripts	scripts/07_bao_geometry/utils/__pycache__/toy_model.cpython-312.pyc	.pyc	toy_model.cpython-312.pyc	scripts	False	BYTECODE
7	scripts	_attic_untracked/future_promote_20251106T212923/scripts/07_bao_geometry/launch_scalar_perturbations_solver.py	.py	launch_scalar_perturbations_solver.py	_attic_untracked	False	SANDBOX_OR_ATTIC
7	scripts	_attic_untracked/future_promote_20251106T212923/scripts/07_bao_geometry/plot_fig04_dcs2_vs_k.py	.py	plot_fig04_dcs2_vs_k.py	_attic_untracked	False	SANDBOX_OR_ATTIC
7	scripts	_attic_untracked/future_promote_20251106T212923/scripts/07_bao_geometry/plot_fig05_ddelta_phi_vs_k.py	.py	plot_fig05_ddelta_phi_vs_k.py	_attic_untracked	False	SANDBOX_OR_ATTIC
7	scripts	_attic_untracked/future_promote_20251106T212923/scripts/07_bao_geometry/plot_fig06_comparison.py	.py	plot_fig06_comparison.py	_attic_untracked	False	SANDBOX_OR_ATTIC
7	scripts	_attic_untracked/github_old/20251028T201526Z/scripts/07_bao_geometry/generate_data_chapter07.py.pass11c	.pass11c	generate_data_chapter07.py.pass11c	_attic_untracked	False	SANDBOX_OR_ATTIC
7	scripts	_attic_untracked/github_old/20251028T201526Z/scripts/07_bao_geometry/launch_scalar_perturbations_solver.py.pass11c	.pass11c	launch_scalar_perturbations_solver.py.pass11c	_attic_untracked	False	SANDBOX_OR_ATTIC
7	scripts	_attic_untracked/github_old/20251028T201526Z/scripts/07_bao_geometry/plot_fig01_cs2_heatmap.py.pass11c	.pass11c	plot_fig01_cs2_heatmap.py.pass11c	_attic_untracked	False	SANDBOX_OR_ATTIC
7	scripts	_attic_untracked/github_old/20251028T201526Z/scripts/07_bao_geometry/plot_fig02_delta_phi_heatmap.py.pass11c	.pass11c	plot_fig02_delta_phi_heatmap.py.pass11c	_attic_untracked	False	SANDBOX_OR_ATTIC
7	scripts	_attic_untracked/github_old/20251028T201526Z/scripts/07_bao_geometry/plot_fig03_invariant_I1.py.pass11c	.pass11c	plot_fig03_invariant_I1.py.pass11c	_attic_untracked	False	SANDBOX_OR_ATTIC
7	scripts	_attic_untracked/github_old/20251028T201526Z/scripts/07_bao_geometry/plot_fig04_dcs2_vs_k.py.pass11c	.pass11c	plot_fig04_dcs2_vs_k.py.pass11c	_attic_untracked	False	SANDBOX_OR_ATTIC
7	scripts	_attic_untracked/github_old/20251028T201526Z/scripts/07_bao_geometry/plot_fig05_ddelta_phi_vs_k.py.pass11c	.pass11c	plot_fig05_ddelta_phi_vs_k.py.pass11c	_attic_untracked	False	SANDBOX_OR_ATTIC
7	scripts	_attic_untracked/github_old/20251028T201526Z/scripts/07_bao_geometry/plot_fig06_comparison.py.pass11c	.pass11c	plot_fig06_comparison.py.pass11c	_attic_untracked	False	SANDBOX_OR_ATTIC
7	scripts	_attic_untracked/github_old/20251028T201526Z/scripts/07_bao_geometry/plot_fig07_invariant_I2.py.pass11c	.pass11c	plot_fig07_invariant_I2.py.pass11c	_attic_untracked	False	SANDBOX_OR_ATTIC
7	scripts	_attic_untracked/help_guard_after_future_v2_20251106T211948/scripts/07_bao_geometry/launch_scalar_perturbations_solver.py	.py	launch_scalar_perturbations_solver.py	_attic_untracked	False	SANDBOX_OR_ATTIC
7	scripts	_attic_untracked/help_guard_after_future_v2_20251106T211948/scripts/07_bao_geometry/plot_fig04_dcs2_vs_k.py	.py	plot_fig04_dcs2_vs_k.py	_attic_untracked	False	SANDBOX_OR_ATTIC
7	scripts	_attic_untracked/help_guard_after_future_v2_20251106T211948/scripts/07_bao_geometry/plot_fig05_ddelta_phi_vs_k.py	.py	plot_fig05_ddelta_phi_vs_k.py	_attic_untracked	False	SANDBOX_OR_ATTIC
7	scripts	_attic_untracked/help_guard_after_future_v2_20251106T211948/scripts/07_bao_geometry/plot_fig06_comparison.py	.py	plot_fig06_comparison.py	_attic_untracked	False	SANDBOX_OR_ATTIC
7	scripts	_attic_untracked/help_guard_reposition_after_future_20251106T211301/scripts/07_bao_geometry/launch_scalar_perturbations_solver.py	.py	launch_scalar_perturbations_solver.py	_attic_untracked	False	SANDBOX_OR_ATTIC
7	scripts	_attic_untracked/help_guard_reposition_after_future_20251106T211301/scripts/07_bao_geometry/plot_fig04_dcs2_vs_k.py	.py	plot_fig04_dcs2_vs_k.py	_attic_untracked	False	SANDBOX_OR_ATTIC
7	scripts	_attic_untracked/help_guard_reposition_after_future_20251106T211301/scripts/07_bao_geometry/plot_fig05_ddelta_phi_vs_k.py	.py	plot_fig05_ddelta_phi_vs_k.py	_attic_untracked	False	SANDBOX_OR_ATTIC
7	scripts	_attic_untracked/help_guard_reposition_after_future_20251106T211301/scripts/07_bao_geometry/plot_fig06_comparison.py	.py	plot_fig06_comparison.py	_attic_untracked	False	SANDBOX_OR_ATTIC
7	scripts	_attic_untracked/help_shim_backup_20251106T192653/scripts/07_bao_geometry/generate_data_chapter07.py	.py	generate_data_chapter07.py	_attic_untracked	False	SANDBOX_OR_ATTIC
7	scripts	_attic_untracked/help_shim_backup_20251106T192653/scripts/07_bao_geometry/launch_scalar_perturbations_solver.py	.py	launch_scalar_perturbations_solver.py	_attic_untracked	False	SANDBOX_OR_ATTIC
7	scripts	_attic_untracked/help_shim_backup_20251106T192653/scripts/07_bao_geometry/plot_fig01_cs2_heatmap.py	.py	plot_fig01_cs2_heatmap.py	_attic_untracked	False	SANDBOX_OR_ATTIC
7	scripts	_attic_untracked/help_shim_backup_20251106T192653/scripts/07_bao_geometry/plot_fig02_delta_phi_heatmap.py	.py	plot_fig02_delta_phi_heatmap.py	_attic_untracked	False	SANDBOX_OR_ATTIC
7	scripts	_attic_untracked/help_shim_backup_20251106T192653/scripts/07_bao_geometry/plot_fig03_invariant_I1.py	.py	plot_fig03_invariant_I1.py	_attic_untracked	False	SANDBOX_OR_ATTIC
7	scripts	_attic_untracked/help_shim_backup_20251106T192653/scripts/07_bao_geometry/plot_fig04_dcs2_vs_k.py	.py	plot_fig04_dcs2_vs_k.py	_attic_untracked	False	SANDBOX_OR_ATTIC
7	scripts	_attic_untracked/help_shim_backup_20251106T192653/scripts/07_bao_geometry/plot_fig05_ddelta_phi_vs_k.py	.py	plot_fig05_ddelta_phi_vs_k.py	_attic_untracked	False	SANDBOX_OR_ATTIC
7	scripts	_attic_untracked/help_shim_backup_20251106T192653/scripts/07_bao_geometry/plot_fig06_comparison.py	.py	plot_fig06_comparison.py	_attic_untracked	False	SANDBOX_OR_ATTIC
7	scripts	_attic_untracked/help_shim_backup_20251106T192653/scripts/07_bao_geometry/plot_fig07_invariant_I2.py	.py	plot_fig07_invariant_I2.py	_attic_untracked	False	SANDBOX_OR_ATTIC
7	scripts	_attic_untracked/help_shim_backup_20251106T192653/scripts/07_bao_geometry/tests/__pycache__/test_chapter07.cpython-312-pytest-8.4.2.pyc	.pyc	test_chapter07.cpython-312-pytest-8.4.2.pyc	_attic_untracked	False	SANDBOX_OR_ATTIC
7	scripts	_attic_untracked/help_shim_backup_20251106T192653/scripts/07_bao_geometry/tests/test_chapter07.py	.py	test_chapter07.py	_attic_untracked	False	SANDBOX_OR_ATTIC
7	scripts	_attic_untracked/help_shim_backup_20251106T192653/scripts/07_bao_geometry/utils/__pycache__/test_kgrid.cpython-312-pytest-8.4.2.pyc	.pyc	test_kgrid.cpython-312-pytest-8.4.2.pyc	_attic_untracked	False	SANDBOX_OR_ATTIC
7	scripts	_attic_untracked/help_shim_backup_20251106T192653/scripts/07_bao_geometry/utils/test_kgrid.py	.py	test_kgrid.py	_attic_untracked	False	SANDBOX_OR_ATTIC
7	scripts	_attic_untracked/help_shim_backup_20251106T192653/scripts/07_bao_geometry/utils/toy_model.py	.py	toy_model.py	_attic_untracked	False	SANDBOX_OR_ATTIC
7	scripts	_attic_untracked/help_shim_v3_backup_20251106T194534/scripts/07_bao_geometry/launch_scalar_perturbations_solver.py	.py	launch_scalar_perturbations_solver.py	_attic_untracked	False	SANDBOX_OR_ATTIC
7	scripts	_attic_untracked/help_shim_v3_backup_20251106T194534/scripts/07_bao_geometry/plot_fig04_dcs2_vs_k.py	.py	plot_fig04_dcs2_vs_k.py	_attic_untracked	False	SANDBOX_OR_ATTIC
7	scripts	_attic_untracked/help_shim_v3_backup_20251106T194534/scripts/07_bao_geometry/plot_fig05_ddelta_phi_vs_k.py	.py	plot_fig05_ddelta_phi_vs_k.py	_attic_untracked	False	SANDBOX_OR_ATTIC
7	scripts	_attic_untracked/help_shim_v3_backup_20251106T194534/scripts/07_bao_geometry/plot_fig06_comparison.py	.py	plot_fig06_comparison.py	_attic_untracked	False	SANDBOX_OR_ATTIC
7	scripts	_attic_untracked/help_shim_v3b_backup_20251106T201030/scripts/07_bao_geometry/launch_scalar_perturbations_solver.py	.py	launch_scalar_perturbations_solver.py	_attic_untracked	False	SANDBOX_OR_ATTIC
7	scripts	_attic_untracked/help_shim_v3b_backup_20251106T201030/scripts/07_bao_geometry/plot_fig04_dcs2_vs_k.py	.py	plot_fig04_dcs2_vs_k.py	_attic_untracked	False	SANDBOX_OR_ATTIC
7	scripts	_attic_untracked/help_shim_v3b_backup_20251106T201030/scripts/07_bao_geometry/plot_fig05_ddelta_phi_vs_k.py	.py	plot_fig05_ddelta_phi_vs_k.py	_attic_untracked	False	SANDBOX_OR_ATTIC
7	scripts	_attic_untracked/help_shim_v3b_backup_20251106T201030/scripts/07_bao_geometry/plot_fig06_comparison.py	.py	plot_fig06_comparison.py	_attic_untracked	False	SANDBOX_OR_ATTIC
7	scripts	_attic_untracked/migrate_staging/20251028T203441Z/scripts/07_bao_geometry/requirements.txt	.txt	requirements.txt	_attic_untracked	False	SANDBOX_OR_ATTIC
7	scripts	_autofix_sandbox/20251105T145604Z/_attic_untracked/github_old/20251028T201526Z/scripts/07_bao_geometry/generate_data_chapter07.py.pass11c	.pass11c	generate_data_chapter07.py.pass11c	_autofix_sandbox	False	SANDBOX_OR_ATTIC
7	scripts	_autofix_sandbox/20251105T145604Z/_attic_untracked/github_old/20251028T201526Z/scripts/07_bao_geometry/launch_scalar_perturbations_solver.py.pass11c	.pass11c	launch_scalar_perturbations_solver.py.pass11c	_autofix_sandbox	False	SANDBOX_OR_ATTIC
7	scripts	_autofix_sandbox/20251105T145604Z/_attic_untracked/github_old/20251028T201526Z/scripts/07_bao_geometry/plot_fig01_cs2_heatmap.py.pass11c	.pass11c	plot_fig01_cs2_heatmap.py.pass11c	_autofix_sandbox	False	SANDBOX_OR_ATTIC
7	scripts	_autofix_sandbox/20251105T145604Z/_attic_untracked/github_old/20251028T201526Z/scripts/07_bao_geometry/plot_fig02_delta_phi_heatmap.py.pass11c	.pass11c	plot_fig02_delta_phi_heatmap.py.pass11c	_autofix_sandbox	False	SANDBOX_OR_ATTIC
7	scripts	_autofix_sandbox/20251105T145604Z/_attic_untracked/github_old/20251028T201526Z/scripts/07_bao_geometry/plot_fig03_invariant_I1.py.pass11c	.pass11c	plot_fig03_invariant_I1.py.pass11c	_autofix_sandbox	False	SANDBOX_OR_ATTIC
7	scripts	_autofix_sandbox/20251105T145604Z/_attic_untracked/github_old/20251028T201526Z/scripts/07_bao_geometry/plot_fig04_dcs2_vs_k.py.pass11c	.pass11c	plot_fig04_dcs2_vs_k.py.pass11c	_autofix_sandbox	False	SANDBOX_OR_ATTIC
7	scripts	_autofix_sandbox/20251105T145604Z/_attic_untracked/github_old/20251028T201526Z/scripts/07_bao_geometry/plot_fig05_ddelta_phi_vs_k.py.pass11c	.pass11c	plot_fig05_ddelta_phi_vs_k.py.pass11c	_autofix_sandbox	False	SANDBOX_OR_ATTIC
7	scripts	_autofix_sandbox/20251105T145604Z/_attic_untracked/github_old/20251028T201526Z/scripts/07_bao_geometry/plot_fig06_comparison.py.pass11c	.pass11c	plot_fig06_comparison.py.pass11c	_autofix_sandbox	False	SANDBOX_OR_ATTIC
7	scripts	_autofix_sandbox/20251105T145604Z/_attic_untracked/github_old/20251028T201526Z/scripts/07_bao_geometry/plot_fig07_invariant_I2.py.pass11c	.pass11c	plot_fig07_invariant_I2.py.pass11c	_autofix_sandbox	False	SANDBOX_OR_ATTIC
7	data	_autofix_sandbox/20251105T145604Z/attic/cleanup_20251029T134449Z/_attic_untracked/suffix_staging/20251028T203652Z/assets/zz-data/07_bao_geometry/07_cs2_matrix.csv.lock.json	.json	07_cs2_matrix.csv.lock.json	_autofix_sandbox	False	SANDBOX_OR_ATTIC
7	data	_autofix_sandbox/20251105T145604Z/attic/cleanup_20251029T134449Z/_attic_untracked/suffix_staging/20251028T203652Z/assets/zz-data/07_bao_geometry/07_dcs2_vs_k.csv.lock.json	.json	07_dcs2_vs_k.csv.lock.json	_autofix_sandbox	False	SANDBOX_OR_ATTIC
7	data	_autofix_sandbox/20251105T145604Z/attic/cleanup_20251029T134449Z/_attic_untracked/suffix_staging/20251028T203652Z/assets/zz-data/07_bao_geometry/07_ddelta_phi_vs_k.csv.lock.json	.json	07_ddelta_phi_vs_k.csv.lock.json	_autofix_sandbox	False	SANDBOX_OR_ATTIC
7	data	_autofix_sandbox/20251105T145604Z/attic/cleanup_20251029T134449Z/_attic_untracked/suffix_staging/20251028T203652Z/assets/zz-data/07_bao_geometry/07_delta_phi_matrix.csv.lock.json	.json	07_delta_phi_matrix.csv.lock.json	_autofix_sandbox	False	SANDBOX_OR_ATTIC
7	data	_autofix_sandbox/20251105T145604Z/attic/cleanup_20251029T134449Z/_attic_untracked/suffix_staging/20251028T203652Z/assets/zz-data/07_bao_geometry/07_meta_perturbations.json.lock.json	.json	07_meta_perturbations.json.lock.json	_autofix_sandbox	False	SANDBOX_OR_ATTIC
7	data	_autofix_sandbox/20251105T145604Z/attic/cleanup_20251029T134449Z/_attic_untracked/suffix_staging/20251028T203652Z/assets/zz-data/07_bao_geometry/07_params_perturbations.json.lock.json	.json	07_params_perturbations.json.lock.json	_autofix_sandbox	False	SANDBOX_OR_ATTIC
7	data	_autofix_sandbox/20251105T145604Z/attic/cleanup_20251029T134449Z/_attic_untracked/suffix_staging/20251028T203652Z/assets/zz-data/07_bao_geometry/07_perturbations_boundary.csv.lock.json	.json	07_perturbations_boundary.csv.lock.json	_autofix_sandbox	False	SANDBOX_OR_ATTIC
7	data	_autofix_sandbox/20251105T145604Z/attic/cleanup_20251029T134449Z/_attic_untracked/suffix_staging/20251028T203652Z/assets/zz-data/07_bao_geometry/07_perturbations_domain.csv.lock.json	.json	07_perturbations_domain.csv.lock.json	_autofix_sandbox	False	SANDBOX_OR_ATTIC
7	data	_autofix_sandbox/20251105T145604Z/attic/cleanup_20251029T134449Z/_attic_untracked/suffix_staging/20251028T203652Z/assets/zz-data/07_bao_geometry/07_perturbations_main_data.csv.lock.json	.json	07_perturbations_main_data.csv.lock.json	_autofix_sandbox	False	SANDBOX_OR_ATTIC
7	data	_autofix_sandbox/20251105T145604Z/attic/cleanup_20251029T134449Z/_attic_untracked/suffix_staging/20251028T203652Z/assets/zz-data/07_bao_geometry/07_perturbations_meta.json.lock.json	.json	07_perturbations_meta.json.lock.json	_autofix_sandbox	False	SANDBOX_OR_ATTIC
7	data	_autofix_sandbox/20251105T145604Z/attic/cleanup_20251029T134449Z/_attic_untracked/suffix_staging/20251028T203652Z/assets/zz-data/07_bao_geometry/07_perturbations_params.json.lock.json	.json	07_perturbations_params.json.lock.json	_autofix_sandbox	False	SANDBOX_OR_ATTIC
7	data	_autofix_sandbox/20251105T145604Z/attic/cleanup_20251029T134449Z/_attic_untracked/suffix_staging/20251028T203652Z/assets/zz-data/07_bao_geometry/07_phase_run.csv.lock.json	.json	07_phase_run.csv.lock.json	_autofix_sandbox	False	SANDBOX_OR_ATTIC
7	data	_autofix_sandbox/20251105T145604Z/attic/cleanup_20251029T134449Z/_attic_untracked/suffix_staging/20251028T203652Z/assets/zz-data/07_bao_geometry/07_scalar_invariants.csv.lock.json	.json	07_scalar_invariants.csv.lock.json	_autofix_sandbox	False	SANDBOX_OR_ATTIC
7	data	_autofix_sandbox/20251105T145604Z/attic/cleanup_20251029T134449Z/_attic_untracked/suffix_staging/20251028T203652Z/assets/zz-data/07_bao_geometry/07_scalar_perturbations_results.csv.lock.json	.json	07_scalar_perturbations_results.csv.lock.json	_autofix_sandbox	False	SANDBOX_OR_ATTIC
7	data	_autofix_sandbox/20251105T145604Z/attic/cleanup_20251029T134449Z/_attic_untracked/suffix_staging/20251028T203652Z/assets/zz-data/07_bao_geometry/placeholder.csv.lock.json	.json	placeholder.csv.lock.json	_autofix_sandbox	False	SANDBOX_OR_ATTIC
7	figures	_autofix_sandbox/20251105T145604Z/assets/zz-figures/07_bao_geometry/07_fig_03_invariant_I1.png	.png	fig_03_invariant_I1.png	_autofix_sandbox	False	SANDBOX_OR_ATTIC
7	figures	_autofix_sandbox/20251105T145604Z/assets/zz-figures/07_bao_geometry/07_fig_07_invariant_I2.png	.png	fig_07_invariant_I2.png	_autofix_sandbox	False	SANDBOX_OR_ATTIC
7	scripts	_autofix_sandbox/20251105T145604Z/zz-out/pass14_run/scripts/07_bao_geometry/generate_data_chapter07.err	.err	generate_data_chapter07.err	_autofix_sandbox	False	SANDBOX_OR_ATTIC
7	scripts	_autofix_sandbox/20251105T145604Z/zz-out/pass14_run/scripts/07_bao_geometry/generate_data_chapter07.out	.out	generate_data_chapter07.out	_autofix_sandbox	False	SANDBOX_OR_ATTIC
7	scripts	_autofix_sandbox/20251105T145604Z/zz-out/pass14_run/scripts/07_bao_geometry/launch_scalar_perturbations_solver.err	.err	launch_scalar_perturbations_solver.err	_autofix_sandbox	False	SANDBOX_OR_ATTIC
7	scripts	_autofix_sandbox/20251105T145604Z/zz-out/pass14_run/scripts/07_bao_geometry/launch_scalar_perturbations_solver.out	.out	launch_scalar_perturbations_solver.out	_autofix_sandbox	False	SANDBOX_OR_ATTIC
7	scripts	_autofix_sandbox/20251105T145604Z/zz-out/pass14_run/scripts/07_bao_geometry/plot_fig01_cs2_heatmap.err	.err	plot_fig01_cs2_heatmap.err	_autofix_sandbox	False	SANDBOX_OR_ATTIC
7	scripts	_autofix_sandbox/20251105T145604Z/zz-out/pass14_run/scripts/07_bao_geometry/plot_fig01_cs2_heatmap.out	.out	plot_fig01_cs2_heatmap.out	_autofix_sandbox	False	SANDBOX_OR_ATTIC
7	scripts	_autofix_sandbox/20251105T145604Z/zz-out/pass14_run/scripts/07_bao_geometry/plot_fig02_delta_phi_heatmap.err	.err	plot_fig02_delta_phi_heatmap.err	_autofix_sandbox	False	SANDBOX_OR_ATTIC
7	scripts	_autofix_sandbox/20251105T145604Z/zz-out/pass14_run/scripts/07_bao_geometry/plot_fig02_delta_phi_heatmap.out	.out	plot_fig02_delta_phi_heatmap.out	_autofix_sandbox	False	SANDBOX_OR_ATTIC
7	scripts	_autofix_sandbox/20251105T145604Z/zz-out/pass14_run/scripts/07_bao_geometry/plot_fig03_invariant_I1.err	.err	plot_fig03_invariant_I1.err	_autofix_sandbox	False	SANDBOX_OR_ATTIC
7	scripts	_autofix_sandbox/20251105T145604Z/zz-out/pass14_run/scripts/07_bao_geometry/plot_fig03_invariant_I1.out	.out	plot_fig03_invariant_I1.out	_autofix_sandbox	False	SANDBOX_OR_ATTIC
7	scripts	_autofix_sandbox/20251105T145604Z/zz-out/pass14_run/scripts/07_bao_geometry/plot_fig04_dcs2_vs_k.err	.err	plot_fig04_dcs2_vs_k.err	_autofix_sandbox	False	SANDBOX_OR_ATTIC
7	scripts	_autofix_sandbox/20251105T145604Z/zz-out/pass14_run/scripts/07_bao_geometry/plot_fig04_dcs2_vs_k.out	.out	plot_fig04_dcs2_vs_k.out	_autofix_sandbox	False	SANDBOX_OR_ATTIC
7	scripts	_autofix_sandbox/20251105T145604Z/zz-out/pass14_run/scripts/07_bao_geometry/plot_fig05_ddelta_phi_vs_k.err	.err	plot_fig05_ddelta_phi_vs_k.err	_autofix_sandbox	False	SANDBOX_OR_ATTIC
7	scripts	_autofix_sandbox/20251105T145604Z/zz-out/pass14_run/scripts/07_bao_geometry/plot_fig05_ddelta_phi_vs_k.out	.out	plot_fig05_ddelta_phi_vs_k.out	_autofix_sandbox	False	SANDBOX_OR_ATTIC
7	scripts	_autofix_sandbox/20251105T145604Z/zz-out/pass14_run/scripts/07_bao_geometry/plot_fig06_comparison.err	.err	plot_fig06_comparison.err	_autofix_sandbox	False	SANDBOX_OR_ATTIC
7	scripts	_autofix_sandbox/20251105T145604Z/zz-out/pass14_run/scripts/07_bao_geometry/plot_fig06_comparison.out	.out	plot_fig06_comparison.out	_autofix_sandbox	False	SANDBOX_OR_ATTIC
7	scripts	_autofix_sandbox/20251105T145604Z/zz-out/pass14_run/scripts/07_bao_geometry/plot_fig07_invariant_I2.err	.err	plot_fig07_invariant_I2.err	_autofix_sandbox	False	SANDBOX_OR_ATTIC
7	scripts	_autofix_sandbox/20251105T145604Z/zz-out/pass14_run/scripts/07_bao_geometry/plot_fig07_invariant_I2.out	.out	plot_fig07_invariant_I2.out	_autofix_sandbox	False	SANDBOX_OR_ATTIC
7	scripts	_autofix_sandbox/20251105T145604Z/zz-out/pass14_run/scripts/07_bao_geometry/tests/test_chapter07.err	.err	test_chapter07.err	_autofix_sandbox	False	SANDBOX_OR_ATTIC
7	scripts	_autofix_sandbox/20251105T145604Z/zz-out/pass14_run/scripts/07_bao_geometry/tests/test_chapter07.out	.out	test_chapter07.out	_autofix_sandbox	False	SANDBOX_OR_ATTIC
7	scripts	_autofix_sandbox/20251105T145604Z/zz-out/pass14_run/scripts/07_bao_geometry/utils/test_kgrid.err	.err	test_kgrid.err	_autofix_sandbox	False	SANDBOX_OR_ATTIC
7	scripts	_autofix_sandbox/20251105T145604Z/zz-out/pass14_run/scripts/07_bao_geometry/utils/test_kgrid.out	.out	test_kgrid.out	_autofix_sandbox	False	SANDBOX_OR_ATTIC
7	scripts	_autofix_sandbox/20251105T145604Z/zz-out/pass14_run/scripts/07_bao_geometry/utils/toy_model.err	.err	toy_model.err	_autofix_sandbox	False	SANDBOX_OR_ATTIC
7	scripts	_autofix_sandbox/20251105T145604Z/zz-out/pass14_run/scripts/07_bao_geometry/utils/toy_model.out	.out	toy_model.out	_autofix_sandbox	False	SANDBOX_OR_ATTIC
7	scripts	_autofix_sandbox/20251105T145604Z/zz-out/pass14_run2/scripts/07_bao_geometry/generate_data_chapter07.err	.err	generate_data_chapter07.err	_autofix_sandbox	False	SANDBOX_OR_ATTIC
7	scripts	_autofix_sandbox/20251105T145604Z/zz-out/pass14_run2/scripts/07_bao_geometry/generate_data_chapter07.out	.out	generate_data_chapter07.out	_autofix_sandbox	False	SANDBOX_OR_ATTIC
7	scripts	_autofix_sandbox/20251105T145604Z/zz-out/pass14_run2/scripts/07_bao_geometry/launch_scalar_perturbations_solver.err	.err	launch_scalar_perturbations_solver.err	_autofix_sandbox	False	SANDBOX_OR_ATTIC
7	scripts	_autofix_sandbox/20251105T145604Z/zz-out/pass14_run2/scripts/07_bao_geometry/launch_scalar_perturbations_solver.out	.out	launch_scalar_perturbations_solver.out	_autofix_sandbox	False	SANDBOX_OR_ATTIC
7	scripts	_autofix_sandbox/20251105T145604Z/zz-out/pass14_run2/scripts/07_bao_geometry/plot_fig01_cs2_heatmap.err	.err	plot_fig01_cs2_heatmap.err	_autofix_sandbox	False	SANDBOX_OR_ATTIC
7	scripts	_autofix_sandbox/20251105T145604Z/zz-out/pass14_run2/scripts/07_bao_geometry/plot_fig01_cs2_heatmap.out	.out	plot_fig01_cs2_heatmap.out	_autofix_sandbox	False	SANDBOX_OR_ATTIC
7	scripts	_autofix_sandbox/20251105T145604Z/zz-out/pass14_run2/scripts/07_bao_geometry/plot_fig02_delta_phi_heatmap.err	.err	plot_fig02_delta_phi_heatmap.err	_autofix_sandbox	False	SANDBOX_OR_ATTIC
7	scripts	_autofix_sandbox/20251105T145604Z/zz-out/pass14_run2/scripts/07_bao_geometry/plot_fig02_delta_phi_heatmap.out	.out	plot_fig02_delta_phi_heatmap.out	_autofix_sandbox	False	SANDBOX_OR_ATTIC
7	scripts	_autofix_sandbox/20251105T145604Z/zz-out/pass14_run2/scripts/07_bao_geometry/plot_fig03_invariant_I1.err	.err	plot_fig03_invariant_I1.err	_autofix_sandbox	False	SANDBOX_OR_ATTIC
7	scripts	_autofix_sandbox/20251105T145604Z/zz-out/pass14_run2/scripts/07_bao_geometry/plot_fig03_invariant_I1.out	.out	plot_fig03_invariant_I1.out	_autofix_sandbox	False	SANDBOX_OR_ATTIC
7	scripts	_autofix_sandbox/20251105T145604Z/zz-out/pass14_run2/scripts/07_bao_geometry/plot_fig04_dcs2_vs_k.err	.err	plot_fig04_dcs2_vs_k.err	_autofix_sandbox	False	SANDBOX_OR_ATTIC
7	scripts	_autofix_sandbox/20251105T145604Z/zz-out/pass14_run2/scripts/07_bao_geometry/plot_fig04_dcs2_vs_k.out	.out	plot_fig04_dcs2_vs_k.out	_autofix_sandbox	False	SANDBOX_OR_ATTIC
7	scripts	_autofix_sandbox/20251105T145604Z/zz-out/pass14_run2/scripts/07_bao_geometry/plot_fig05_ddelta_phi_vs_k.err	.err	plot_fig05_ddelta_phi_vs_k.err	_autofix_sandbox	False	SANDBOX_OR_ATTIC
7	scripts	_autofix_sandbox/20251105T145604Z/zz-out/pass14_run2/scripts/07_bao_geometry/plot_fig05_ddelta_phi_vs_k.out	.out	plot_fig05_ddelta_phi_vs_k.out	_autofix_sandbox	False	SANDBOX_OR_ATTIC
7	scripts	_autofix_sandbox/20251105T145604Z/zz-out/pass14_run2/scripts/07_bao_geometry/plot_fig06_comparison.err	.err	plot_fig06_comparison.err	_autofix_sandbox	False	SANDBOX_OR_ATTIC
7	scripts	_autofix_sandbox/20251105T145604Z/zz-out/pass14_run2/scripts/07_bao_geometry/plot_fig06_comparison.out	.out	plot_fig06_comparison.out	_autofix_sandbox	False	SANDBOX_OR_ATTIC
7	scripts	_autofix_sandbox/20251105T145604Z/zz-out/pass14_run2/scripts/07_bao_geometry/plot_fig07_invariant_I2.err	.err	plot_fig07_invariant_I2.err	_autofix_sandbox	False	SANDBOX_OR_ATTIC
7	scripts	_autofix_sandbox/20251105T145604Z/zz-out/pass14_run2/scripts/07_bao_geometry/plot_fig07_invariant_I2.out	.out	plot_fig07_invariant_I2.out	_autofix_sandbox	False	SANDBOX_OR_ATTIC
7	scripts	_autofix_sandbox/20251105T145604Z/zz-out/pass14_run2/scripts/07_bao_geometry/tests/test_chapter07.err	.err	test_chapter07.err	_autofix_sandbox	False	SANDBOX_OR_ATTIC
7	scripts	_autofix_sandbox/20251105T145604Z/zz-out/pass14_run2/scripts/07_bao_geometry/tests/test_chapter07.out	.out	test_chapter07.out	_autofix_sandbox	False	SANDBOX_OR_ATTIC
7	scripts	_autofix_sandbox/20251105T145604Z/zz-out/pass14_run2/scripts/07_bao_geometry/utils/test_kgrid.err	.err	test_kgrid.err	_autofix_sandbox	False	SANDBOX_OR_ATTIC
7	scripts	_autofix_sandbox/20251105T145604Z/zz-out/pass14_run2/scripts/07_bao_geometry/utils/test_kgrid.out	.out	test_kgrid.out	_autofix_sandbox	False	SANDBOX_OR_ATTIC
7	scripts	_autofix_sandbox/20251105T145604Z/zz-out/pass14_run2/scripts/07_bao_geometry/utils/toy_model.err	.err	toy_model.err	_autofix_sandbox	False	SANDBOX_OR_ATTIC
7	scripts	_autofix_sandbox/20251105T145604Z/zz-out/pass14_run2/scripts/07_bao_geometry/utils/toy_model.out	.out	toy_model.out	_autofix_sandbox	False	SANDBOX_OR_ATTIC
7	scripts	_autofix_sandbox/20251105T145604Z/scripts/07_bao_geometry/__pycache__/generate_data_chapter07.cpython-312.pyc	.pyc	generate_data_chapter07.cpython-312.pyc	_autofix_sandbox	False	SANDBOX_OR_ATTIC
7	scripts	_autofix_sandbox/20251105T145604Z/scripts/07_bao_geometry/__pycache__/launch_scalar_perturbations_solver.cpython-312.pyc	.pyc	launch_scalar_perturbations_solver.cpython-312.pyc	_autofix_sandbox	False	SANDBOX_OR_ATTIC
7	scripts	_autofix_sandbox/20251105T145604Z/scripts/07_bao_geometry/__pycache__/plot_fig01_cs2_heatmap.cpython-312.pyc	.pyc	plot_fig01_cs2_heatmap.cpython-312.pyc	_autofix_sandbox	False	SANDBOX_OR_ATTIC
7	scripts	_autofix_sandbox/20251105T145604Z/scripts/07_bao_geometry/__pycache__/plot_fig02_delta_phi_heatmap.cpython-312.pyc	.pyc	plot_fig02_delta_phi_heatmap.cpython-312.pyc	_autofix_sandbox	False	SANDBOX_OR_ATTIC
7	scripts	_autofix_sandbox/20251105T145604Z/scripts/07_bao_geometry/__pycache__/plot_fig03_invariant_I1.cpython-312.pyc	.pyc	plot_fig03_invariant_I1.cpython-312.pyc	_autofix_sandbox	False	SANDBOX_OR_ATTIC
7	scripts	_autofix_sandbox/20251105T145604Z/scripts/07_bao_geometry/__pycache__/plot_fig04_dcs2_vs_k.cpython-312.pyc	.pyc	plot_fig04_dcs2_vs_k.cpython-312.pyc	_autofix_sandbox	False	SANDBOX_OR_ATTIC
7	scripts	_autofix_sandbox/20251105T145604Z/scripts/07_bao_geometry/__pycache__/plot_fig05_ddelta_phi_vs_k.cpython-312.pyc	.pyc	plot_fig05_ddelta_phi_vs_k.cpython-312.pyc	_autofix_sandbox	False	SANDBOX_OR_ATTIC
7	scripts	_autofix_sandbox/20251105T145604Z/scripts/07_bao_geometry/__pycache__/plot_fig06_comparison.cpython-312.pyc	.pyc	plot_fig06_comparison.cpython-312.pyc	_autofix_sandbox	False	SANDBOX_OR_ATTIC
7	scripts	_autofix_sandbox/20251105T145604Z/scripts/07_bao_geometry/__pycache__/plot_fig07_invariant_I2.cpython-312.pyc	.pyc	plot_fig07_invariant_I2.cpython-312.pyc	_autofix_sandbox	False	SANDBOX_OR_ATTIC
7	scripts	_autofix_sandbox/20251105T145604Z/scripts/07_bao_geometry/tests/__pycache__/test_chapter07.cpython-312.pyc	.pyc	test_chapter07.cpython-312.pyc	_autofix_sandbox	False	SANDBOX_OR_ATTIC
7	scripts	_autofix_sandbox/20251105T145604Z/scripts/07_bao_geometry/utils/__pycache__/test_kgrid.cpython-312.pyc	.pyc	test_kgrid.cpython-312.pyc	_autofix_sandbox	False	SANDBOX_OR_ATTIC
7	scripts	_autofix_sandbox/20251105T145604Z/scripts/07_bao_geometry/utils/__pycache__/toy_model.cpython-312.pyc	.pyc	toy_model.cpython-312.pyc	_autofix_sandbox	False	SANDBOX_OR_ATTIC
7	scripts	_tmp/patch_cli_v1/scripts/07_bao_geometry/plot_fig01_cs2_heatmap.py	.py	plot_fig01_cs2_heatmap.py	_tmp	False	SANDBOX_OR_ATTIC
7	scripts	_tmp/patch_cli_v1/scripts/07_bao_geometry/plot_fig02_delta_phi_heatmap.py	.py	plot_fig02_delta_phi_heatmap.py	_tmp	False	SANDBOX_OR_ATTIC
7	scripts	_tmp/patch_cli_v1/scripts/07_bao_geometry/plot_fig03_invariant_I1.py	.py	plot_fig03_invariant_I1.py	_tmp	False	SANDBOX_OR_ATTIC
7	scripts	_tmp/patch_cli_v1/scripts/07_bao_geometry/plot_fig05_ddelta_phi_vs_k.py	.py	plot_fig05_ddelta_phi_vs_k.py	_tmp	False	SANDBOX_OR_ATTIC
7	scripts	_tmp/patch_cli_v1/scripts/07_bao_geometry/plot_fig06_comparison.py	.py	plot_fig06_comparison.py	_tmp	False	SANDBOX_OR_ATTIC
7	scripts	_tmp/patch_cli_v1/scripts/07_bao_geometry/plot_fig07_invariant_I2.py	.py	plot_fig07_invariant_I2.py	_tmp	False	SANDBOX_OR_ATTIC
7	scripts	_tmp/patch_savefig_v1b/scripts/07_bao_geometry/plot_fig04_dcs2_vs_k.py	.py	plot_fig04_dcs2_vs_k.py	_tmp	False	SANDBOX_OR_ATTIC
7	scripts	_tmp/patch_savefig_v1b/scripts/07_bao_geometry/plot_fig07_invariant_I2.py	.py	plot_fig07_invariant_I2.py	_tmp	False	SANDBOX_OR_ATTIC
7	data	attic/cleanup_20251029T134449Z/_attic_untracked/suffix_staging/20251028T203652Z/assets/zz-data/07_bao_geometry/07_cs2_matrix.csv.lock.json	.json	07_cs2_matrix.csv.lock.json	attic	False	SANDBOX_OR_ATTIC
7	data	attic/cleanup_20251029T134449Z/_attic_untracked/suffix_staging/20251028T203652Z/assets/zz-data/07_bao_geometry/07_dcs2_vs_k.csv.lock.json	.json	07_dcs2_vs_k.csv.lock.json	attic	False	SANDBOX_OR_ATTIC
7	data	attic/cleanup_20251029T134449Z/_attic_untracked/suffix_staging/20251028T203652Z/assets/zz-data/07_bao_geometry/07_ddelta_phi_vs_k.csv.lock.json	.json	07_ddelta_phi_vs_k.csv.lock.json	attic	False	SANDBOX_OR_ATTIC
7	data	attic/cleanup_20251029T134449Z/_attic_untracked/suffix_staging/20251028T203652Z/assets/zz-data/07_bao_geometry/07_delta_phi_matrix.csv.lock.json	.json	07_delta_phi_matrix.csv.lock.json	attic	False	SANDBOX_OR_ATTIC
7	data	attic/cleanup_20251029T134449Z/_attic_untracked/suffix_staging/20251028T203652Z/assets/zz-data/07_bao_geometry/07_meta_perturbations.json.lock.json	.json	07_meta_perturbations.json.lock.json	attic	False	SANDBOX_OR_ATTIC
7	data	attic/cleanup_20251029T134449Z/_attic_untracked/suffix_staging/20251028T203652Z/assets/zz-data/07_bao_geometry/07_params_perturbations.json.lock.json	.json	07_params_perturbations.json.lock.json	attic	False	SANDBOX_OR_ATTIC
7	data	attic/cleanup_20251029T134449Z/_attic_untracked/suffix_staging/20251028T203652Z/assets/zz-data/07_bao_geometry/07_perturbations_boundary.csv.lock.json	.json	07_perturbations_boundary.csv.lock.json	attic	False	SANDBOX_OR_ATTIC
7	data	attic/cleanup_20251029T134449Z/_attic_untracked/suffix_staging/20251028T203652Z/assets/zz-data/07_bao_geometry/07_perturbations_domain.csv.lock.json	.json	07_perturbations_domain.csv.lock.json	attic	False	SANDBOX_OR_ATTIC
7	data	attic/cleanup_20251029T134449Z/_attic_untracked/suffix_staging/20251028T203652Z/assets/zz-data/07_bao_geometry/07_perturbations_main_data.csv.lock.json	.json	07_perturbations_main_data.csv.lock.json	attic	False	SANDBOX_OR_ATTIC
7	data	attic/cleanup_20251029T134449Z/_attic_untracked/suffix_staging/20251028T203652Z/assets/zz-data/07_bao_geometry/07_perturbations_meta.json.lock.json	.json	07_perturbations_meta.json.lock.json	attic	False	SANDBOX_OR_ATTIC
7	data	attic/cleanup_20251029T134449Z/_attic_untracked/suffix_staging/20251028T203652Z/assets/zz-data/07_bao_geometry/07_perturbations_params.json.lock.json	.json	07_perturbations_params.json.lock.json	attic	False	SANDBOX_OR_ATTIC
7	data	attic/cleanup_20251029T134449Z/_attic_untracked/suffix_staging/20251028T203652Z/assets/zz-data/07_bao_geometry/07_phase_run.csv.lock.json	.json	07_phase_run.csv.lock.json	attic	False	SANDBOX_OR_ATTIC
7	data	attic/cleanup_20251029T134449Z/_attic_untracked/suffix_staging/20251028T203652Z/assets/zz-data/07_bao_geometry/07_scalar_invariants.csv.lock.json	.json	07_scalar_invariants.csv.lock.json	attic	False	SANDBOX_OR_ATTIC
7	data	attic/cleanup_20251029T134449Z/_attic_untracked/suffix_staging/20251028T203652Z/assets/zz-data/07_bao_geometry/07_scalar_perturbations_results.csv.lock.json	.json	07_scalar_perturbations_results.csv.lock.json	attic	False	SANDBOX_OR_ATTIC
7	data	attic/cleanup_20251029T134449Z/_attic_untracked/suffix_staging/20251028T203652Z/assets/zz-data/07_bao_geometry/placeholder.csv.lock.json	.json	placeholder.csv.lock.json	attic	False	SANDBOX_OR_ATTIC
7	scripts	zz-out/pass14_run/scripts/07_bao_geometry/generate_data_chapter07.err	.err	generate_data_chapter07.err	zz-out	False	SANDBOX_OR_ATTIC
7	scripts	zz-out/pass14_run/scripts/07_bao_geometry/generate_data_chapter07.out	.out	generate_data_chapter07.out	zz-out	False	SANDBOX_OR_ATTIC
7	scripts	zz-out/pass14_run/scripts/07_bao_geometry/launch_scalar_perturbations_solver.err	.err	launch_scalar_perturbations_solver.err	zz-out	False	SANDBOX_OR_ATTIC
7	scripts	zz-out/pass14_run/scripts/07_bao_geometry/launch_scalar_perturbations_solver.out	.out	launch_scalar_perturbations_solver.out	zz-out	False	SANDBOX_OR_ATTIC
7	scripts	zz-out/pass14_run/scripts/07_bao_geometry/plot_fig01_cs2_heatmap.err	.err	plot_fig01_cs2_heatmap.err	zz-out	False	SANDBOX_OR_ATTIC
7	scripts	zz-out/pass14_run/scripts/07_bao_geometry/plot_fig01_cs2_heatmap.out	.out	plot_fig01_cs2_heatmap.out	zz-out	False	SANDBOX_OR_ATTIC
7	scripts	zz-out/pass14_run/scripts/07_bao_geometry/plot_fig02_delta_phi_heatmap.err	.err	plot_fig02_delta_phi_heatmap.err	zz-out	False	SANDBOX_OR_ATTIC
7	scripts	zz-out/pass14_run/scripts/07_bao_geometry/plot_fig02_delta_phi_heatmap.out	.out	plot_fig02_delta_phi_heatmap.out	zz-out	False	SANDBOX_OR_ATTIC
7	scripts	zz-out/pass14_run/scripts/07_bao_geometry/plot_fig03_invariant_I1.err	.err	plot_fig03_invariant_I1.err	zz-out	False	SANDBOX_OR_ATTIC
7	scripts	zz-out/pass14_run/scripts/07_bao_geometry/plot_fig03_invariant_I1.out	.out	plot_fig03_invariant_I1.out	zz-out	False	SANDBOX_OR_ATTIC
7	scripts	zz-out/pass14_run/scripts/07_bao_geometry/plot_fig04_dcs2_vs_k.err	.err	plot_fig04_dcs2_vs_k.err	zz-out	False	SANDBOX_OR_ATTIC
7	scripts	zz-out/pass14_run/scripts/07_bao_geometry/plot_fig04_dcs2_vs_k.out	.out	plot_fig04_dcs2_vs_k.out	zz-out	False	SANDBOX_OR_ATTIC
7	scripts	zz-out/pass14_run/scripts/07_bao_geometry/plot_fig05_ddelta_phi_vs_k.err	.err	plot_fig05_ddelta_phi_vs_k.err	zz-out	False	SANDBOX_OR_ATTIC
7	scripts	zz-out/pass14_run/scripts/07_bao_geometry/plot_fig05_ddelta_phi_vs_k.out	.out	plot_fig05_ddelta_phi_vs_k.out	zz-out	False	SANDBOX_OR_ATTIC
7	scripts	zz-out/pass14_run/scripts/07_bao_geometry/plot_fig06_comparison.err	.err	plot_fig06_comparison.err	zz-out	False	SANDBOX_OR_ATTIC
7	scripts	zz-out/pass14_run/scripts/07_bao_geometry/plot_fig06_comparison.out	.out	plot_fig06_comparison.out	zz-out	False	SANDBOX_OR_ATTIC
7	scripts	zz-out/pass14_run/scripts/07_bao_geometry/plot_fig07_invariant_I2.err	.err	plot_fig07_invariant_I2.err	zz-out	False	SANDBOX_OR_ATTIC
7	scripts	zz-out/pass14_run/scripts/07_bao_geometry/plot_fig07_invariant_I2.out	.out	plot_fig07_invariant_I2.out	zz-out	False	SANDBOX_OR_ATTIC
7	scripts	zz-out/pass14_run/scripts/07_bao_geometry/tests/test_chapter07.err	.err	test_chapter07.err	zz-out	False	SANDBOX_OR_ATTIC
7	scripts	zz-out/pass14_run/scripts/07_bao_geometry/tests/test_chapter07.out	.out	test_chapter07.out	zz-out	False	SANDBOX_OR_ATTIC
7	scripts	zz-out/pass14_run/scripts/07_bao_geometry/utils/test_kgrid.err	.err	test_kgrid.err	zz-out	False	SANDBOX_OR_ATTIC
7	scripts	zz-out/pass14_run/scripts/07_bao_geometry/utils/test_kgrid.out	.out	test_kgrid.out	zz-out	False	SANDBOX_OR_ATTIC
7	scripts	zz-out/pass14_run/scripts/07_bao_geometry/utils/toy_model.err	.err	toy_model.err	zz-out	False	SANDBOX_OR_ATTIC
7	scripts	zz-out/pass14_run/scripts/07_bao_geometry/utils/toy_model.out	.out	toy_model.out	zz-out	False	SANDBOX_OR_ATTIC
7	scripts	zz-out/pass14_run2/scripts/07_bao_geometry/generate_data_chapter07.err	.err	generate_data_chapter07.err	zz-out	False	SANDBOX_OR_ATTIC
7	scripts	zz-out/pass14_run2/scripts/07_bao_geometry/generate_data_chapter07.out	.out	generate_data_chapter07.out	zz-out	False	SANDBOX_OR_ATTIC
7	scripts	zz-out/pass14_run2/scripts/07_bao_geometry/launch_scalar_perturbations_solver.err	.err	launch_scalar_perturbations_solver.err	zz-out	False	SANDBOX_OR_ATTIC
7	scripts	zz-out/pass14_run2/scripts/07_bao_geometry/launch_scalar_perturbations_solver.out	.out	launch_scalar_perturbations_solver.out	zz-out	False	SANDBOX_OR_ATTIC
7	scripts	zz-out/pass14_run2/scripts/07_bao_geometry/plot_fig01_cs2_heatmap.err	.err	plot_fig01_cs2_heatmap.err	zz-out	False	SANDBOX_OR_ATTIC
7	scripts	zz-out/pass14_run2/scripts/07_bao_geometry/plot_fig01_cs2_heatmap.out	.out	plot_fig01_cs2_heatmap.out	zz-out	False	SANDBOX_OR_ATTIC
7	scripts	zz-out/pass14_run2/scripts/07_bao_geometry/plot_fig02_delta_phi_heatmap.err	.err	plot_fig02_delta_phi_heatmap.err	zz-out	False	SANDBOX_OR_ATTIC
7	scripts	zz-out/pass14_run2/scripts/07_bao_geometry/plot_fig02_delta_phi_heatmap.out	.out	plot_fig02_delta_phi_heatmap.out	zz-out	False	SANDBOX_OR_ATTIC
7	scripts	zz-out/pass14_run2/scripts/07_bao_geometry/plot_fig03_invariant_I1.err	.err	plot_fig03_invariant_I1.err	zz-out	False	SANDBOX_OR_ATTIC
7	scripts	zz-out/pass14_run2/scripts/07_bao_geometry/plot_fig03_invariant_I1.out	.out	plot_fig03_invariant_I1.out	zz-out	False	SANDBOX_OR_ATTIC
7	scripts	zz-out/pass14_run2/scripts/07_bao_geometry/plot_fig04_dcs2_vs_k.err	.err	plot_fig04_dcs2_vs_k.err	zz-out	False	SANDBOX_OR_ATTIC
7	scripts	zz-out/pass14_run2/scripts/07_bao_geometry/plot_fig04_dcs2_vs_k.out	.out	plot_fig04_dcs2_vs_k.out	zz-out	False	SANDBOX_OR_ATTIC
7	scripts	zz-out/pass14_run2/scripts/07_bao_geometry/plot_fig05_ddelta_phi_vs_k.err	.err	plot_fig05_ddelta_phi_vs_k.err	zz-out	False	SANDBOX_OR_ATTIC
7	scripts	zz-out/pass14_run2/scripts/07_bao_geometry/plot_fig05_ddelta_phi_vs_k.out	.out	plot_fig05_ddelta_phi_vs_k.out	zz-out	False	SANDBOX_OR_ATTIC
7	scripts	zz-out/pass14_run2/scripts/07_bao_geometry/plot_fig06_comparison.err	.err	plot_fig06_comparison.err	zz-out	False	SANDBOX_OR_ATTIC
7	scripts	zz-out/pass14_run2/scripts/07_bao_geometry/plot_fig06_comparison.out	.out	plot_fig06_comparison.out	zz-out	False	SANDBOX_OR_ATTIC
7	scripts	zz-out/pass14_run2/scripts/07_bao_geometry/plot_fig07_invariant_I2.err	.err	plot_fig07_invariant_I2.err	zz-out	False	SANDBOX_OR_ATTIC
7	scripts	zz-out/pass14_run2/scripts/07_bao_geometry/plot_fig07_invariant_I2.out	.out	plot_fig07_invariant_I2.out	zz-out	False	SANDBOX_OR_ATTIC
7	scripts	zz-out/pass14_run2/scripts/07_bao_geometry/tests/test_chapter07.err	.err	test_chapter07.err	zz-out	False	SANDBOX_OR_ATTIC
7	scripts	zz-out/pass14_run2/scripts/07_bao_geometry/tests/test_chapter07.out	.out	test_chapter07.out	zz-out	False	SANDBOX_OR_ATTIC
7	scripts	zz-out/pass14_run2/scripts/07_bao_geometry/utils/test_kgrid.err	.err	test_kgrid.err	zz-out	False	SANDBOX_OR_ATTIC
7	scripts	zz-out/pass14_run2/scripts/07_bao_geometry/utils/test_kgrid.out	.out	test_kgrid.out	zz-out	False	SANDBOX_OR_ATTIC
7	scripts	zz-out/pass14_run2/scripts/07_bao_geometry/utils/toy_model.err	.err	toy_model.err	zz-out	False	SANDBOX_OR_ATTIC
7	scripts	zz-out/pass14_run2/scripts/07_bao_geometry/utils/toy_model.out	.out	toy_model.out	zz-out	False	SANDBOX_OR_ATTIC
